{"_runtime":163.2386453,"train_loss":5.13080552541781,"val_loss":4.029886505705245,"_wandb":{"runtime":201},"_step":1,"train_metric":0.07465046604527296,"val_metric":0.1767054908485857,"_timestamp":1.7270347099628084e+09,"epoch":1}